question,true_dept,pred_dept,correct,confidence
има ли такса за справка от сметка месец назад,Пазар Ежедневно банкиране,Пазар Ежедневно банкиране,True,0.5552379048642646
при застраховка кредитна защита кога се изплаща на клиента при болничен,Пазар Банково застраховане,Пазар Банково застраховане,True,0.7603607123931604
може ли частично погасяване на кредит от друг клиент,Пазар Потребителско кредитиране,Пазар Потребителско кредитиране,True,0.4932205041683005
кой номер е коя сигнатура,Други,Други,True,0.6223087978972969
има ли отстъпки за клиенти с телк решение за месечни такси по разплащателната сметка,Пазар Ежедневно банкиране,Пазар Ежедневно банкиране,True,0.34198461731288504
как да се свържа с колега от отдел оспорване на картови разплащания,Други,ДИРЕКЦИЯ БАНКОВИ ОПЕРАЦИИ,False,0.2703319808247234
младежки пакет,Пазар Ежедневно банкиране,Пазар Ежедневно банкиране,True,0.5504672862437747
какво е максималното ltv при панел,Пазар Жилищни и ипотечни кредити,Пазар Жилищни и ипотечни кредити,True,0.40442259816632853
"моля, намери ми в портала на банка дск референия, която клиента да попълни за издаване на референция за заличена ипотека",Пазар Жилищни и ипотечни кредити,Пазар Жилищни и ипотечни кредити,True,0.2794117571726927
как се наема сейф?,ДИРЕКЦИЯ ПАЗАР АТМ И КАСОВА ДЕЙНОСТ,Support_Services,False,0.38663988489498374
какви документи подписва клиент при кандидатстване за потребителски кредит през приложението dsk mobile,Няколко пазара,Пазар Потребителско кредитиране,False,0.5456884914683516
необходим ли е акт за раждане за откриване на сметка със специална дебитна карта дск тийн ?,Пазар Ежедневно банкиране,Пазар Ежедневно банкиране,True,0.7803867177121574
какви инвестиционни продукти с гарантирана доходност предлага банка дск,Пазар Спестяване и инвестиции,Пазар Спестяване и инвестиции,True,0.6898494087715206
контакти при проблем с лос,Пазар Потребителско кредитиране,Пазар Ежедневно банкиране,False,0.16541137462151934
"когато се внесе по-голяма сума по главница на кредита и се подпише допълнително споразумение за намаляване на вноската, след какъв период вноската ще бъде по-малка",Пазар Жилищни и ипотечни кредити,Пазар Жилищни и ипотечни кредити,True,0.2729533205032006
а трябва ли да попълвам някакъв талон,Други,Други,True,0.630148182903356
беше добре това да го знаеш,Други,Други,True,0.6511587549918787
от кого трябва да се получи дебитна карта дск тийн,Пазар Ежедневно банкиране,Пазар Ежедневно банкиране,True,0.6567517801078296
колко дни се изпълнява валутният превод sepa?,Други,ДИРЕКЦИЯ БАНКОВИ ОПЕРАЦИИ,False,0.6749895461790065
какви са таксите за теглене на лева,Пазар Ежедневно банкиране,ДИРЕКЦИЯ ПАЗАР АТМ И КАСОВА ДЕЙНОСТ,False,0.5190213957036773
чуждестранен клиент,Други,Други,True,0.29456295589494913
може ли непълнолетно лице да ползва dsk mobile,Пазар Ежедневно банкиране,Пазар Ежедневно банкиране,True,0.7722768125879721
коя кк неможе да се излъчва по облекчената процедура,Пазар Разсрочени плащания,Пазар Разсрочени плащания,True,0.6295549872326205
как да получа виртуална карта,Пазар Ежедневно банкиране,Пазар Ежедневно банкиране,True,0.31684472307462397
"какъв е максималният брой възрастни лица над 18 години, които могат да се застраховат в семеен пакет по застраховка смисъл за теб?",Пазар Банково застраховане,Пазар Банково застраховане,True,0.6851096081002148
такси за жилищен 350000лв,Пазар Жилищни и ипотечни кредити,Пазар Жилищни и ипотечни кредити,True,0.5727417058014996
има ли такса вноска детски влог,Пазар Ежедневно банкиране,Пазар Ежедневно банкиране,True,0.5286079468988235
"dear ms. angelova, i am sorry, i was unable to take your call as i was on a plane. i am available to travel to bulgaria as early as next week at your convenience to finalize my guarantee opening request. i understand that drafting a guarantee takes several days. to avoid making two trips to bulgaria for the same matter, would it be possible for you to start preparing the guarantee in advance? this would allow me to handle this matter in a single trip. how many days do you need me in sofia to do the guarantee ? thank you for your assistance.",Други,Други,True,0.6822490111764279
какъв е максималният срок за издължаване по ипотечен кредит?,Пазар Жилищни и ипотечни кредити,Пазар Жилищни и ипотечни кредити,True,0.7802373124227656
какви документи са нужни за българи работещи в чужбина за ипотечен кредит ?,Пазар Жилищни и ипотечни кредити,Пазар Жилищни и ипотечни кредити,True,0.6813502803781306
условия по кредитна карта wizz air,Пазар Разсрочени плащания,Пазар Разсрочени плащания,True,0.8042265761539088
как да предложим инвестицини планове.,Пазар Спестяване и инвестиции,Пазар Спестяване и инвестиции,True,0.36683082887888036
за колко време се открива разплащателна сметка през dsk mobile,Пазар Ежедневно банкиране,Пазар Ежедневно банкиране,True,0.8732542946718996
моля основанието по нареден превод на стойност 2800 лв да бъде коригирано на. семейни ценности,Други,ДИРЕКЦИЯ БАНКОВИ ОПЕРАЦИИ,False,0.3120565021654612
необходими документи за жик,Пазар Жилищни и ипотечни кредити,Пазар Жилищни и ипотечни кредити,True,0.5546899572885108
как да продам смисъл за теб?,Пазар Банково застраховане,Пазар Спестяване и инвестиции,False,0.41493276177555655
какъв е размерът на осигурителната вноска за професионален пенсионен фонд при първа категория труд,Пазар Спестяване и инвестиции,Пазар Спестяване и инвестиции,True,0.6282004274627443
как се добавя карта в google/apple wallet за плащане на пос през телефон в приложението dsk mobile,Пазар Ежедневно банкиране,Пазар Ежедневно банкиране,True,0.5943869026596675
дск директ,Пазар Ежедневно банкиране,Пазар Ежедневно банкиране,True,0.4632135855890631
такса за проверка на документи на фирмен клиент чужденец,Пазар Малък бизнес,Пазар Малък бизнес,True,0.5835371885190125
може ли да се закрие запорирана сметка,ДИРЕКЦИЯ БАНКОВИ ОПЕРАЦИИ,Пазар Ежедневно банкиране,False,0.2710759119769188
а ако е в лева,Други,Други,True,0.5099585406639123
каква е таксата за вноска на каса на клиент с пакет премиум плюс?,Пазар Ежедневно банкиране,ДИРЕКЦИЯ БАНКОВИ ОПЕРАЦИИ,False,0.43679255382683163
клиент е с блокирани електронни канали (директ/смарт) заради фишинг. може ли да премине през self enrollment процеса в dsk mobile?,Пазар Ежедневно банкиране,Пазар Ежедневно банкиране,True,0.7701344986538751
"какво включва проверката , че определен етап от строителството е завършен",Пазар Жилищни и ипотечни кредити,Други,False,0.19716451704200466
каква е сумата на оценка за апартамент,Пазар Жилищни и ипотечни кредити,Пазар Жилищни и ипотечни кредити,True,0.650581935271602
по коя сметка в главна книга се събира такса приход в лева,ДИРЕКЦИЯ ПАЗАР АТМ И КАСОВА ДЕЙНОСТ,ДИРЕКЦИЯ ПАЗАР АТМ И КАСОВА ДЕЙНОСТ,True,0.5072413357358737
колко е мод в пловдив,Няколко пазара,Други,False,0.3753913559681652
грешка в дск смарт 931,Пазар Ежедневно банкиране,Пазар Ежедневно банкиране,True,0.6421745084632637
какви видове кредитни карти има?,Пазар Разсрочени плащания,Пазар Разсрочени плащания,True,0.7053716795281569
не си виждам картата в дск смарт,Пазар Ежедневно банкиране,Пазар Ежедневно банкиране,True,0.4796526957047639
какви са видовете потребителски кредити,Пазар Потребителско кредитиране,Пазар Потребителско кредитиране,True,0.5710273302092873
"а ако кара ски като любител, а не като професионален спортист?",Пазар Банково застраховане,Други,False,0.7362398340193255
каква е таксата за преиздаване на изгубена кредитна карта,Пазар Разсрочени плащания,Пазар Разсрочени плащания,True,0.5851895184118485
изисквания за ипотечен кредит,Пазар Жилищни и ипотечни кредити,Пазар Жилищни и ипотечни кредити,True,0.8958498927287961
в dsk mobile могат ли да се виждат инвестиционни продукти,Пазар Ежедневно банкиране,Пазар Ежедневно банкиране,True,0.6860486663597141
могат ли да се правят преводи от замразена сметка на клиент на гише,ДИРЕКЦИЯ ПАЗАР АТМ И КАСОВА ДЕЙНОСТ,ДИРЕКЦИЯ ПАЗАР АТМ И КАСОВА ДЕЙНОСТ,True,0.46698736762518855
как мога да стана премиум клиент в дск,Други,Други,True,0.3486137150362915
кога се активират 5 безплатни тегления на месец от банкомати на банка дск в българия и банкомати на otp group в чужбина за основната карта към сметката при подписване на план за заплата,Пазар Ежедневно банкиране,Пазар Ежедневно банкиране,True,0.2953082179602378
каква е максималната сума до която може да бъде увеличаван лимит по кредитна карта,Пазар Разсрочени плащания,Пазар Разсрочени плащания,True,0.7096536502790503
сметка старт откриване,Пазар Ежедневно банкиране,Пазар Ежедневно банкиране,True,0.7846623396556279
дължи ли се такса по кредитна карта ако има направени 24 операций,Пазар Разсрочени плащания,Пазар Разсрочени плащания,True,0.5370063166143316
"какво означава ""непрофесионален клиент“?",Други,Други,True,0.512419281692176
клон на банката в пловдив,Други,Други,True,0.34703840557931165
dsk maxi go,Пазар Разсрочени плащания,Пазар Ежедневно банкиране,False,0.43135102749107745
има ли такса предсрочно погасяване при стоков кредит,Пазар Ежедневно банкиране,Пазар Потребителско кредитиране,False,0.268760364067294
към кой банки мога да наредя превод blink?,ДИРЕКЦИЯ БАНКОВИ ОПЕРАЦИИ,Пазар Ежедневно банкиране,False,0.2920616010177807
такса оценка на обезпечение,Пазар Жилищни и ипотечни кредити,Пазар Жилищни и ипотечни кредити,True,0.7783747473356516
какви документи могат да се подписват в кеп,Други,Пазар Ежедневно банкиране,False,0.4248887981461291
необходимо ли е присъствие на родител при получаването на дебитна карта дск тийн,Пазар Ежедневно банкиране,Пазар Ежедневно банкиране,True,0.7322257396507191
какви документи са ми необходими при кандидатстване за кредит за покупка на жилище? на какви критерии трябва да отговарям?,Пазар Жилищни и ипотечни кредити,Пазар Жилищни и ипотечни кредити,True,0.5484429157451258
как се прекратява застраховка смисъл за теб,Пазар Банково застраховане,Пазар Банково застраховане,True,0.7755013716636292
какви въпроси мога да ви задавам ?,Други,Други,True,0.3364835115607423
какви са часовете за изпълнение на преводи рингс?,ДИРЕКЦИЯ БАНКОВИ ОПЕРАЦИИ,ДИРЕКЦИЯ БАНКОВИ ОПЕРАЦИИ,True,0.6062508735551277
мога ли да преиздам златна кредитна карта мастъркард в платинена карта виза в премиум план,Пазар Разсрочени плащания,Пазар Разсрочени плащания,True,0.6062862193345117
как се активира телефона за работа със сертификат,Други,Пазар Ежедневно банкиране,False,0.32920988700233705
"ако клиента не получи push нотификация, може ли да потвърди картово плащане?",Пазар Ежедневно банкиране,Пазар Ежедневно банкиране,True,0.26916836542909317
"каква актуализация трябва да се направи при изплащане на наследствен дял , при което клиента не е на дск",Support_Services,Support_Services,True,0.645040218391917
каква е валидността на банковата референция,Support_Services,Други,False,0.3403358076532259
такса за оценка -етаж от къща,Пазар Жилищни и ипотечни кредити,Пазар Жилищни и ипотечни кредити,True,0.7612257871555367
общи условия по пакет дск начало,Пазар Малък бизнес,Пазар Ежедневно банкиране,False,0.28523447083784076
при клас а и а+ освобождават ли клиента от такса?,Пазар Жилищни и ипотечни кредити,Други,False,0.5680469277243229
на каква стойност се равнява една точка от бонус програмата wizz air,Пазар Разсрочени плащания,Пазар Разсрочени плащания,True,0.3727288473151822
в какво инвестира фонда по подробно,Пазар Спестяване и инвестиции,Пазар Спестяване и инвестиции,True,0.5590546906734469
"какви преференции ползва клиент притежател на кредитна карта visa platinum, издадена към премиум план",Пазар Разсрочени плащания,Пазар Разсрочени плащания,True,0.7431933551888373
каква ще е годишната такса за кредитна карта visa galaxy ако е използване 24 пъти в годината?,Пазар Разсрочени плащания,Пазар Разсрочени плащания,True,0.7408817754193772
може ли да ми изпратиш допълнително споразумение за увеличаване на лимит по кредитна карта,Пазар Разсрочени плащания,Пазар Разсрочени плащания,True,0.673231594679186
образец пълномощно,Support_Services,Support_Services,True,0.4329998562688214
"имаме одобрено искане в ценовия регистър, но рамера на кредита е намален. какви са границите за отклонение в размера на кредита, за да запазим одобрения лихвен процент?",Пазар Потребителско кредитиране,Пазар Жилищни и ипотечни кредити,False,0.3373008469228573
как да разбера,Други,Други,True,0.4272114347326524
могат ли да се кредитират през los нови за банката клиенти?,Пазар Потребителско кредитиране,Пазар Потребителско кредитиране,True,0.5427198842858731
"има ли такса за кандидистване на потребителски кредит,като се дойде на място в клон на банката?",Пазар Потребителско кредитиране,Пазар Потребителско кредитиране,True,0.6599484245748091
какво е selfenrollment,Други,Други,True,0.371298737855907
трябва ли да преиздадем нова дебитна карта на клиент включен в пакет платинум?,Пазар Ежедневно банкиране,Пазар Ежедневно банкиране,True,0.3468762488012813
колко е лимита за плащане при търговец с карта,Пазар Ежедневно банкиране,ДИРЕКЦИЯ БАНКОВИ ОПЕРАЦИИ,False,0.3903655951949417
удостоверение за млади семейства,Пазар Жилищни и ипотечни кредити,Няколко пазара,False,0.3428573698805848
каква е максималната сума на жилищен кредит предлаган от банката?,Пазар Жилищни и ипотечни кредити,Пазар Жилищни и ипотечни кредити,True,0.39795396611506473
как мога да активирам ел. банкиране?,Пазар Ежедневно банкиране,Други,False,0.4607446604765019
ипотечен кредит за вътрешно рефинансиране,Пазар Жилищни и ипотечни кредити,Пазар Жилищни и ипотечни кредити,True,0.8136546003622565
"дск мобайл, 3д парола",Пазар Ежедневно банкиране,Пазар Ежедневно банкиране,True,0.8303647172574302
на какви клиенти може да се предлага и какво е включено в него,Други,Support_Services,False,0.3288815723097795
какъв е максималния размер на ктп,Пазар Потребителско кредитиране,Пазар Потребителско кредитиране,True,0.7430914186516588
къде има банкомати за вноска в софия,ДИРЕКЦИЯ ПАЗАР АТМ И КАСОВА ДЕЙНОСТ,Други,False,0.5786152281718102
"какви промени в таксите на банката ще има от 01 ,06,2025",Други,ДИРЕКЦИЯ БАНКОВИ ОПЕРАЦИИ,False,0.45046344761294976
как се открива сметка на земеделски производител,Пазар Малък бизнес,Пазар Ежедневно банкиране,False,0.2794198479093253
колко е минималната вноска за инвестиционен фонд,Пазар Спестяване и инвестиции,Пазар Спестяване и инвестиции,True,0.6108233252188471
как да излъча кредитна карта по облекчена процедура,Пазар Разсрочени плащания,Пазар Разсрочени плащания,True,0.780360110913887
може ли мтоукън да се ползва за лична сметка и за фирмена,Няколко пазара,Пазар Малък бизнес,False,0.5591938821788184
какво се случва ако в три последователни месеца не се вземе таксата за инвестиционен план зарада недостатъчна наличност,Пазар Спестяване и инвестиции,Пазар Спестяване и инвестиции,True,0.2968388155452421
може ли да се открие сметка онбординг на юридическо лице без пълен адрес/улица,Пазар Малък бизнес,Пазар Малък бизнес,True,0.3565021565612729
как се анализира доход от граждански договор?,ДИРЕКЦИЯ КРЕДИТЕН РИСК ИНДИВИДУАЛНИ КЛИЕНТИ,ДИРЕКЦИЯ КРЕДИТЕН РИСК ИНДИВИДУАЛНИ КЛИЕНТИ,True,0.6791840497234451
а как да създам този статичен пин,Пазар Ежедневно банкиране,Други,False,0.41149415173409476
инвестиционен фонд с отворен период,Пазар Спестяване и инвестиции,Пазар Спестяване и инвестиции,True,0.7253534676636542
какъв е срока за усвояване на ипотечен кредит,Пазар Жилищни и ипотечни кредити,Пазар Жилищни и ипотечни кредити,True,0.7660990108614971
безплатно ли е откриването на дск старт,Пазар Ежедневно банкиране,Пазар Ежедневно банкиране,True,0.5124689208602812
действия на служител при дублиране на егн,Support_Services,Други,False,0.2949829873156106
кога влиза в сило откриването на план премиум,Пазар Ежедневно банкиране,Пазар Ежедневно банкиране,True,0.6692027823638075
каква е таксата за теглене на пари в брой на каса без заявка на физическо лице,ДИРЕКЦИЯ ПАЗАР АТМ И КАСОВА ДЕЙНОСТ,ДИРЕКЦИЯ ПАЗАР АТМ И КАСОВА ДЕЙНОСТ,True,0.6509155156083211
платинена карта в премиум план има ли такса,Пазар Ежедневно банкиране,Пазар Ежедневно банкиране,True,0.5885233483740299
дравейте как мога да си прехвърля дск смарт на друг телефон,Пазар Ежедневно банкиране,Други,False,0.24764338331523633
"здравейте, във връзка с искане за ипотечен кредит за покупка н а жилищен имот апартамент и гараж в гр. пловдив на клиента божидар юриев корчев кл.номер 10918041. имаме следните въпроси относно сделката дохода на клиента е от трудово правоотношение е 2 800 лева и от пенсия 979 лева, общо 3 797 лева. ползва ктп 60 000 лева с вноска 640 лева, четири членно семейство . дали дохода ще бъде достатъчен и бихме ли могли да ползваме дохода на съпругата му която е втора година майчинство. следващият въпрос е може ли да го финансираме при ltv 85% при положение , че ще ползваме бъдеща пазарна стойност на имота , а същият е преди акт 15? в продуктовата карта за същият продукт е описано следното за пловдив – при цел на кредита окончателно завършване на имота с разрешение за ползване : 80% от бъдещата пазарна стойност на имота като завършен – за апартамент, гараж ателие .",Пазар Жилищни и ипотечни кредити,Пазар Жилищни и ипотечни кредити,True,0.7701951786922487
"моля, за линк към бланка за искане за ипотечен кредит",Пазар Жилищни и ипотечни кредити,Пазар Жилищни и ипотечни кредити,True,0.6641347432230665
моля за информаци за текужтите планове за ежедневно банкиране,Пазар Ежедневно банкиране,Пазар Ежедневно банкиране,True,0.28510267371593045
"клиент в сегмент премиум, георги новаков, егн 850316006, управител в оод, с 10 % дялово участие в юл 205782660. 90 % са собственост на чуждестранно юл, предмет на дейност компютърно програмиране. осигурява се по дук, максимален осигурителен праг, дохода по дук се получава по рс в бдск (медианен доход 19000 лв., регулярно се получава). обезпечението е в гр. софия, акт 16, цена 134 500 евро, пс 264 300 лв. или търсено финансиране 38,00 % ltv. предоставени са гдд, опр, сб за 2022 г. и за 2023 г. и за 2024 г. към 30.11. нямаме възможност да предоставим гдд за 2024 г. можем ли да използваме отклонение код 59 или бихте ни предложили друг вариант?",Пазар Жилищни и ипотечни кредити,Пазар Жилищни и ипотечни кредити,True,0.41963344803830793
задължително ли е захранването на нова разплщателна сметка,Пазар Ежедневно банкиране,Пазар Малък бизнес,False,0.22756833556925288
бланка за пълномощно бизнес клиент,Пазар Малък бизнес,Пазар Малък бизнес,True,0.7251790462120162
".rnlr mf gr.rykr u,eorjr",Други,Други,True,0.35004900802753813
всеки ли може да я използва,Други,Други,True,0.3372308050673788
добро утро,Други,Други,True,0.6908209536059858
може ли да бъде излъчено искане през los с външно рефинансиране,Пазар Потребителско кредитиране,Пазар Потребителско кредитиране,True,0.5963527298533933
какво е представлява инвестиционният продукт дск шрьодер,Пазар Спестяване и инвестиции,Пазар Спестяване и инвестиции,True,0.4947903592423661
трябва ли да се присъединява съдлъжник по кредити за българи работещи в чужбина,Пазар Жилищни и ипотечни кредити,Пазар Жилищни и ипотечни кредити,True,0.5557926650279877
какъв е максималният рамер потребителски кредит,Пазар Потребителско кредитиране,Пазар Потребителско кредитиране,True,0.8136217339956651
какъв план да предложа на стоматолог,Пазар Ежедневно банкиране,Пазар Ежедневно банкиране,True,0.35203435748678796
ваш служител беше груб с мен къде да се оплача?,Други,Други,True,0.462318116196522
какви са условията за рефинансиране на кредит от друга банка,Няколко пазара,Пазар Жилищни и ипотечни кредити,False,0.22721138897213572
изисквания за доказване на доходи от български гражданин работещ в чужбина,ДИРЕКЦИЯ КРЕДИТЕН РИСК ИНДИВИДУАЛНИ КЛИЕНТИ,Пазар Жилищни и ипотечни кредити,False,0.17708839703098025
мога ли да си променя телефонния номер дистанционно,Пазар Ежедневно банкиране,Други,False,0.6344506750854745
доход от сътитуляр,Няколко пазара,ДИРЕКЦИЯ КРЕДИТЕН РИСК ИНДИВИДУАЛНИ КЛИЕНТИ,False,0.6207842126991002
инвестиционни планове,Пазар Спестяване и инвестиции,Пазар Спестяване и инвестиции,True,0.716632136715079
план по разплащателна сметка,Пазар Ежедневно банкиране,Пазар Ежедневно банкиране,True,0.7775979853870281
критерии за сегментиране премиум план,Пазар Ежедневно банкиране,Пазар Ежедневно банкиране,True,0.8365153829024011
"здравей, може ли да се заличи ипотека по фирмен кредит",Пазар Малък бизнес,Пазар Жилищни и ипотечни кредити,False,0.40632805649703346
какви са покритията пхри застраховка помощ при пътуване,Пазар Банково застраховане,Пазар Банково застраховане,True,0.7280469564587432
"what document exactly is meant by ""proof of residence in the country""",Пазар Ежедневно банкиране,Други,False,0.39726331075774785
как да добавя любим номер в мобайл,Пазар Ежедневно банкиране,Други,False,0.4550099668754939
каква е процедурата за закриване на дск пулс,Пазар Ежедневно банкиране,Пазар Ежедневно банкиране,True,0.2766363436631884
здравейте,Други,Други,True,0.3765656093311212
какви документи са необходими за юридическо становище,Support_Services,Пазар Жилищни и ипотечни кредити,False,0.31410172850491347
пререгистрация на фирма?,Пазар Малък бизнес,Пазар Малък бизнес,True,0.5539028627371028
имаш ли си гадже,Други,Други,True,0.48100290949154156
след отказано ктп през los къде да прикача документите по кредита,Пазар Потребителско кредитиране,Пазар Потребителско кредитиране,True,0.7610729844491978
"understand that drafting a guarantee takes several days. to avoid making two trips to bulgaria for the same matter, would it be possible for you to start preparing the guarantee in advance? this would allow me to handle this matter in a single trip. how many days do you need me in sofia to do the guarantee ?",Други,Други,True,0.5538376296686578
вземаме ли за обезпечение сглобяемите къщи,Пазар Жилищни и ипотечни кредити,Пазар Жилищни и ипотечни кредити,True,0.6019070109065968
каква е таксата на план начало?,Пазар Малък бизнес,Пазар Ежедневно банкиране,False,0.47166295593763846
каква е процедурата при смяна на устройство в dsk mobile?,Пазар Ежедневно банкиране,Пазар Ежедневно банкиране,True,0.7223003947941696
каква е таксата за вноска на монети във каса,ДИРЕКЦИЯ ПАЗАР АТМ И КАСОВА ДЕЙНОСТ,ДИРЕКЦИЯ ПАЗАР АТМ И КАСОВА ДЕЙНОСТ,True,0.534315617914132
какъв е срокът за усвояване на етапи при жик,Пазар Жилищни и ипотечни кредити,Пазар Жилищни и ипотечни кредити,True,0.6612357953054783
каква е максималната сума на кредитна карта към план без ограничения,Пазар Ежедневно банкиране,Пазар Разсрочени плащания,False,0.5238322625054308
траябва ли да бъде регитриран в банката родител при откриване ан сметка дск тийн ?,Пазар Ежедневно банкиране,Пазар Ежедневно банкиране,True,0.7900350399993458
план дск хоризонт,Пазар Малък бизнес,Пазар Ежедневно банкиране,False,0.757177543259029
какви са изискванията за доказване на доход от дивидент при жилищни кредити за покупка,Пазар Жилищни и ипотечни кредити,Пазар Жилищни и ипотечни кредити,True,0.42080735272993053
кредитна карта maxi go има ли такса,Пазар Разсрочени плащания,Пазар Разсрочени плащания,True,0.7671241314227665
каква е максималната възраст по потребителски кредит,Пазар Потребителско кредитиране,Пазар Потребителско кредитиране,True,0.8454701115680272
трябва ли клиент да помни паролата си след като е активирал вход с биометрични данни или пин в дск мобайл,Пазар Ежедневно банкиране,Пазар Ежедневно банкиране,True,0.744139842647906
как да закрия клиентска сметка,Пазар Ежедневно банкиране,Пазар Ежедневно банкиране,True,0.3054112539261513
при кандидатстване за ктп приема ли се доход на личен асистент,Пазар Потребителско кредитиране,Пазар Потребителско кредитиране,True,0.47431594230035806
в кои случаи се попълва декларация за произход на средства?,Пазар Ежедневно банкиране,Support_Services,False,0.3970011005793216
"може ли обектът, който ще служи за обезпечение, да бъде и имотът, който ще бъде довършван със средствата, при условие че е с акт 16, но по бдс? /при еднократно усвояване на средствата/ - необходима ли е корекция в ксс, при условие че в доклада на оценителя е вписана приетата стойност /по-висока от размера на кредита/ и в който доклад е описано, че не е приета стойност за кухненско обзавеждане, което е описано единствено и само в точка 3 в последната част на ксс-то. в случая ще бъдат извършвани отделни довършителни работи, а не довършителни работи по изграждането на имота. няма как да ползваме продукта за ремонт, тъй като няма какво да се ремонтира.",Пазар Жилищни и ипотечни кредити,Пазар Жилищни и ипотечни кредити,True,0.7212808994641484
как да регистрирам работодател за да го добавя в доходи и плащания,Пазар Ежедневно банкиране,Други,False,0.5645989361645128
"добре, благодаря за отговора, но нямаш право да даваш инвестиционни съвети на клиент",Други,Пазар Спестяване и инвестиции,False,0.31969480343622425
може ли сметка по която е обвързана с изискуем кредит да се включи в план без ограничения,Пазар Ежедневно банкиране,Пазар Ежедневно банкиране,True,0.6243263902364339
"след кое действие на служител предложение към клиент, участващ в кампания в crm се отразява като приключено?",Support_Services,Support_Services,True,0.4246554929201308
при теглене на каса във валута служителите на банката имат ли такси,ДИРЕКЦИЯ БАНКОВИ ОПЕРАЦИИ,ДИРЕКЦИЯ ПАЗАР АТМ И КАСОВА ДЕЙНОСТ,False,0.42774312805146303
до колко бройки банкноти могат да се внесат на бакомат на дск,ДИРЕКЦИЯ ПАЗАР АТМ И КАСОВА ДЕЙНОСТ,Пазар Ежедневно банкиране,False,0.35686970028723497
какво е договорна ипотека,Support_Services,Пазар Жилищни и ипотечни кредити,False,0.4134373706146053
кога може да бъде прекратен договор за план служебно от банката,Support_Services,Пазар Ежедневно банкиране,False,0.4847296563313261
до коя дата можем да сключваме дск стабилност еврооблигации 3?,Пазар Спестяване и инвестиции,Пазар Спестяване и инвестиции,True,0.35377663928940345
"имаме клиенти с украинско гражданство, кредитоискателят има постоянно решение за пребиваване , като през месец май ще получи и българско гражданство. съпругата е с временно разрешение за пребиваване. и двамата работят на постоянен трудов договор в българия от 2018г., като получават работните си възнаграждения по разплащателни сметки в банка дск, като декларират общ месечен доход около 3 300лв. имаме и представени справки от бнб. въпросът ми е в такъв случай ще търсим ли съдлъжник с българско гражданство. желаят да закупят имот като имат 20% самоучастие.",Пазар Жилищни и ипотечни кредити,Пазар Жилищни и ипотечни кредити,True,0.48418338049443105
колко е максималният срок за ктп с доходи на земеделски производител,Пазар Потребителско кредитиране,Пазар Потребителско кредитиране,True,0.628603702114259
запплата,Други,Други,True,0.35004900802753813
моля за бланка за искане за издаване на удостоверение,Няколко пазара,Няколко пазара,True,0.5270900004250983
ако клиент има две левови сметки мога ли да активирам и по двете план за ежедневно банкиране,Пазар Ежедневно банкиране,Пазар Ежедневно банкиране,True,0.7033432519777559
откъде мога да видя документите на бизнес кредит,Пазар Малък бизнес,Пазар Малък бизнес,True,0.570379586806106
kyde da namerq cenowata matrica po vik,Пазар Жилищни и ипотечни кредити,Други,False,0.35004900802753813
"как клиент чуждестранен гражданин се регистрира в дск директ, когато в номера на документа за самоличност има и цифри и букви?",Пазар Ежедневно банкиране,Support_Services,False,0.3682969507119574
сигнатура на клон слатина,Други,Други,True,0.5310630531208377
каква сума може да се усвои на първия етап при кредит за строителство,Пазар Жилищни и ипотечни кредити,Пазар Жилищни и ипотечни кредити,True,0.5297200161966135
ще се отпуска ли ктп на клиент с рейтиг 8,Пазар Потребителско кредитиране,Пазар Потребителско кредитиране,True,0.630840411445935
какви са застрахователните покрития на застраховка спокойствие по дебитна карта?,Пазар Банково застраховане,Пазар Банково застраховане,True,0.7848705916634674
"изчисли ми колко ще ми е вноската на ипотечен кредит за сума 350 000 лева, на лихва 2,75%, за 30 години.",Пазар Жилищни и ипотечни кредити,Пазар Жилищни и ипотечни кредити,True,0.7015202817911627
какъв е срокът за изготвяне на пазарна оценка и ако не се спази какво следва,Пазар Жилищни и ипотечни кредити,Пазар Жилищни и ипотечни кредити,True,0.4028362677947925
кога се пише декларазия за произход,Пазар Ежедневно банкиране,Пазар Ежедневно банкиране,True,0.3563608996058279
издаваме ли кредитни карти maxi go,Пазар Разсрочени плащания,Пазар Разсрочени плащания,True,0.7087902669036998
къде мога да намеря общите условия на застраховка спокойствие по дебитна карта,Пазар Банково застраховане,Пазар Банково застраховане,True,0.7465110208728815
има ли такса за получени по вайбър съобщения,Други,Пазар Ежедневно банкиране,False,0.267722565031097
откриване по облекчена процедура дск тийн с декларация,Пазар Ежедневно банкиране,Пазар Ежедневно банкиране,True,0.5447138579323632
може ли самата бланка да ми изпратиш?,Други,Други,True,0.43845562108154496
къде да приложа искане за закриване на банкова сметка в системата,Други,Пазар Ежедневно банкиране,False,0.45083591959168934
как се архивират хартиените дневни документи,ДИРЕКЦИЯ ПАЗАР АТМ И КАСОВА ДЕЙНОСТ,Няколко пазара,False,0.39527058105595064
какво е необходимо за да обследваме клиент за кредит -адвокат,ДИРЕКЦИЯ КРЕДИТЕН РИСК ИНДИВИДУАЛНИ КЛИЕНТИ,Пазар Потребителско кредитиране,False,0.23300738655260658
какви са придимствата на world debit mastercard?,Други,Пазар Ежедневно банкиране,False,0.5978919162431999
покажи ми го в таблица,Други,Други,True,0.7717376757327642
каква е таксата за откриване на набирателна сметка,Пазар Малък бизнес,Пазар Малък бизнес,True,0.7555512000537447
псоо сметка,Пазар Ежедневно банкиране,Пазар Ежедневно банкиране,True,0.6974229864258279
анекс към договор за трезор,ДИРЕКЦИЯ ПАЗАР АТМ И КАСОВА ДЕЙНОСТ,Пазар Ежедневно банкиране,False,0.25175706636074385
как да продавам лесно кк,Пазар Разсрочени плащания,Пазар Разсрочени плащания,True,0.5882030024014376
"в какъв продукт (план) се трансформират сметката и специалната дебитна карта дск тийн, при навършване на 18 годишна възраст на титуляра?а) в план за младежи б)в основен план в)в премиум план а, б или в?",Пазар Ежедневно банкиране,Пазар Ежедневно банкиране,True,0.8049341540520661
редно ли е при дадена негативна оценка от клиент за неработещ банкомат за вноски да бъдат санкционирани служителите?,Други,Пазар Жилищни и ипотечни кредити,False,0.2997797931729554
каква е максимално допустимата вноска при ипотечен кредит за покупка на клиент със заплата 2642 лева,Пазар Жилищни и ипотечни кредити,Пазар Жилищни и ипотечни кредити,True,0.7808032468887698
колко е максимална експозиция за ктп,Пазар Потребителско кредитиране,Пазар Потребителско кредитиране,True,0.679880450591873
клон 1502,Други,Други,True,0.48889603398327064
как да сменя имейла си в wizz air,Пазар Разсрочени плащания,Пазар Разсрочени плащания,True,0.4916225484101854
има ли такси при срочен депозит?,Пазар Ежедневно банкиране,Пазар Ежедневно банкиране,True,0.4982705256860808
колко струва по тарифа на банката оценка на самостоятелен гараж,Пазар Жилищни и ипотечни кредити,Пазар Жилищни и ипотечни кредити,True,0.6313402644879191
има ли такса за вноска на гише по срочен депозит,ДИРЕКЦИЯ БАНКОВИ ОПЕРАЦИИ,ДИРЕКЦИЯ ПАЗАР АТМ И КАСОВА ДЕЙНОСТ,False,0.44630204704994214
необходимо ли е да се попълва декларация произход на средства при теглене на 5100 евро,ДИРЕКЦИЯ БАНКОВИ ОПЕРАЦИИ,Пазар Ежедневно банкиране,False,0.3169838815448987
колко запитвания получи от колегите?,Други,Други,True,0.35574032497774805
как се прави превод на великобритания,ДИРЕКЦИЯ БАНКОВИ ОПЕРАЦИИ,ДИРЕКЦИЯ БАНКОВИ ОПЕРАЦИИ,True,0.4807800597016509
стъпки по откриване на фирмена сметка,Пазар Малък бизнес,Пазар Малък бизнес,True,0.7952780617940236
"hi, i have a new phone number. i dont see a place to change my number. only i can see the number im using right now and the number thats the zertifikate issued for. no option to change the number? inam not in bulgarien, and can not come tonthe office. ist there any was to change the phone number for my account?",Други,Други,True,0.6146483358414833
колко е таксата за вноска по сметка на фирмен клиент,Пазар Малък бизнес,Пазар Ежедневно банкиране,False,0.38139085467664463
може ли 17 г. дете да има dsk mobile?,Пазар Ежедневно банкиране,Пазар Ежедневно банкиране,True,0.7873221639036595
къде в mobail клиент може да прегледа документите си за кредит текущи нужди преди да ги подпише,Пазар Ежедневно банкиране,Пазар Жилищни и ипотечни кредити,False,0.20007863517315386
какво включва асистиран онлайн процес в офис на банката за регистарция на бизнес клиент?,Пазар Малък бизнес,Пазар Малък бизнес,True,0.749881422189939
"когато дебитната карта е доставена на клиент чрез куриер, какъв е начинът за нейната активация?",Пазар Ежедневно банкиране,Пазар Ежедневно банкиране,True,0.16532085440248248
лимити за преводи през дск мобайл,Пазар Ежедневно банкиране,Пазар Ежедневно банкиране,True,0.7804746252223355
документи за жик с акт 14,Пазар Жилищни и ипотечни кредити,Пазар Жилищни и ипотечни кредити,True,0.6660193116550279
документи за набирателна сметка,Пазар Малък бизнес,Пазар Малък бизнес,True,0.7816415473519268
възможно ли е в dsk mobile клиента да се върне стъпка назад при подготовка за превод и да промени някои от параметрите?,Пазар Ежедневно банкиране,Пазар Ежедневно банкиране,True,0.6728033647429178
как да включа разплащателна сметка към планове за ежедневно банкиране на банка дск,Пазар Ежедневно банкиране,Пазар Ежедневно банкиране,True,0.470741891718559
"когато картата на клиента е задържана от банкомат, заплаща ли се такса за преиздаване?",Други,ДИРЕКЦИЯ ПАЗАР АТМ И КАСОВА ДЕЙНОСТ,False,0.2873185761965296
има ли депозити в банката,Пазар Ежедневно банкиране,Пазар Ежедневно банкиране,True,0.3080045877001887
с кой вид ипотечен кредит може да се предоставят средства за текущи нужди/рефинансиране,Пазар Жилищни и ипотечни кредити,Пазар Жилищни и ипотечни кредити,True,0.7935726630686787
"с платежна сметка за основни операции, електронното банкиране дск директ се ползва?",Пазар Ежедневно банкиране,Пазар Ежедневно банкиране,True,0.5632070716471052
от къде мога да си издам гаранционно писмо,Пазар Малък бизнес,Други,False,0.6312181486917738
може ли да се регистрира клиент от високорискова страна,Пазар Ежедневно банкиране,ДИРЕКЦИЯ КРЕДИТЕН РИСК ИНДИВИДУАЛНИ КЛИЕНТИ,False,0.30517494005006285
какъв е максимално допустимият размер за кандидатстване ктп,Пазар Потребителско кредитиране,Пазар Потребителско кредитиране,True,0.616986087825088
дск тийн,Пазар Ежедневно банкиране,Пазар Ежедневно банкиране,True,0.8158348627358185
"колко нотификации за необходимост от актуализация на документ за самоличност получава клиет преди да бъдат предприети действия от страна на банката за ограничаване на платежните му услуги, съгласно програма за актуализация на докумет за самоличност",Пазар Ежедневно банкиране,Пазар Ежедневно банкиране,True,0.31603490945880003
какви документи са необходими за жилищен кредит,Пазар Жилищни и ипотечни кредити,Пазар Жилищни и ипотечни кредити,True,0.6643499142914185
здравей,Други,Други,True,0.726259227985815
къде се отразява разпределения дивидент в баланса на фирмата,Няколко пазара,Други,False,0.43545138607315076
каква може да е причината клиент с активно банкиране да не получава смс за потвърждение на превод,Пазар Ежедневно банкиране,ДИРЕКЦИЯ БАНКОВИ ОПЕРАЦИИ,False,0.20776640492433507
за колко време е експресна доставка на пластика,Пазар Ежедневно банкиране,Други,False,0.2328576163038429
каква е таксата за одобрение на потребителски кредит за 20000 лв.,Пазар Потребителско кредитиране,Пазар Потребителско кредитиране,True,0.8090416523544954
какъв е максималният лимит на кк по облекчената процедура за клиенти с план премиум,Пазар Разсрочени плащания,Пазар Разсрочени плащания,True,0.6885918372627015
да изтегля ли ипотечен заем,Други,Пазар Жилищни и ипотечни кредити,False,0.38107439092881196
при дублиран номер как се верифицира телефон,Пазар Ежедневно банкиране,Пазар Банково застраховане,False,0.2636568143057003
зареден ли ми е лимита по кредитната карта?,Други,Пазар Разсрочени плащания,False,0.6982541197627069
колко съм висока,Други,Други,True,0.47957655312438763
архивиране на плъномощни,Пазар Ежедневно банкиране,Support_Services,False,0.42589247383494094
ако се нареди превод през dsk online как се потвърждава превода,Пазар Ежедневно банкиране,Пазар Ежедневно банкиране,True,0.547776408145361
основна цел на инвестирането е?,Пазар Спестяване и инвестиции,Други,False,0.23825502895958858
може ли клиент да създаде сам нов статичен пин по карта без да посещава клон,Пазар Ежедневно банкиране,Пазар Ежедневно банкиране,True,0.6240309988654176
дете на възраст 14-17 години подписва ли gdpr и по конкретно съгласие за директен маркетинг,Пазар Ежедневно банкиране,Други,False,0.2073947393460033
има ли безплатен достъп за придружител с mastercard platinum,Пазар Ежедневно банкиране,Пазар Ежедневно банкиране,True,0.2094069440662874
приятни почивни дни,Други,Други,True,0.35004900802753813
какъв е минималния лимит на кредитна карта платиниум,Пазар Разсрочени плащания,Пазар Разсрочени плащания,True,0.7809957107752438
"какви са преференциални условия: при потребителски, жилищен и ипотечен кредит.",Няколко пазара,Пазар Жилищни и ипотечни кредити,False,0.7702969399894499
може ли съществуващ клиент да открие сметка през dsk mobile,Пазар Ежедневно банкиране,Пазар Ежедневно банкиране,True,0.8912633850285486
"може ли клиент който има дск тийн ,но дебитната му карта още не е готова в присъствието на един родител да изтегли на гише сума от 300,00 лв при положение ,че е теглил предишният ден на гише",Пазар Ежедневно банкиране,Пазар Ежедневно банкиране,True,0.20155109425788267
оферта за премиум план,Пазар Ежедневно банкиране,Пазар Ежедневно банкиране,True,0.6318407110995408
а без заявка,Други,Други,True,0.5722072098570584
какво включва премиум план,Пазар Ежедневно банкиране,Пазар Ежедневно банкиране,True,0.7353573737302318
как се определя бонусът при продажба на договорни фондове,Пазар Спестяване и инвестиции,Пазар Спестяване и инвестиции,True,0.26660070396173613
добро утро! в колко часа отваря бдск,Други,Други,True,0.6078224412924065
през смарт приложението може ли да се плаща бюджетни сметки,Пазар Ежедневно банкиране,Пазар Ежедневно банкиране,True,0.6066841201298968
каква е таксата за валутен превод?,Пазар Ежедневно банкиране,ДИРЕКЦИЯ БАНКОВИ ОПЕРАЦИИ,False,0.7524879534911311
тоест колко,Други,Други,True,0.3965248499286546
"зона 1, 2, 3, или 4 е",Други,Други,True,0.4558196007701822
какво е универсален пенсионен фонд,Пазар Спестяване и инвестиции,Пазар Спестяване и инвестиции,True,0.5303936289918357
документи за ктп,Пазар Потребителско кредитиране,Пазар Потребителско кредитиране,True,0.6889311969331936
ктп с дук при еоод необходими документи,Пазар Потребителско кредитиране,Пазар Потребителско кредитиране,True,0.6634240541270379
какво ми дава план премиум,Пазар Ежедневно банкиране,Пазар Ежедневно банкиране,True,0.6313868887368351
какво е по-изгодно за клиента при вноска по главница в кредит - намаляне на периода или намаляне на вноската?,Няколко пазара,Пазар Жилищни и ипотечни кредити,False,0.37943781325377746
закриване на сметка със салдо,ДИРЕКЦИЯ БАНКОВИ ОПЕРАЦИИ,ДИРЕКЦИЯ БАНКОВИ ОПЕРАЦИИ,True,0.36754420512726127
може ли да се разреши кредитна карта по облекчена процедура на клиент със забава над 360 дни за минал период,Пазар Разсрочени плащания,Пазар Разсрочени плащания,True,0.7473287625246495
чб дск премиум,Други,Пазар Ежедневно банкиране,False,0.608758200638786
могат ли да се извършват преводи към бюджени сметки през дск мобайл,Пазар Ежедневно банкиране,Пазар Ежедневно банкиране,True,0.8240470580604088
колко е максималния размер потребителски кредит,Пазар Потребителско кредитиране,Пазар Потребителско кредитиране,True,0.7908887499327839
мога ли да песна кредит 100 000 лева на клиент на банка дск без да има съществуващ кредит,Пазар Потребителско кредитиране,Пазар Потребителско кредитиране,True,0.34402186074673136
как работи кешбека на уиз еър кредитната карта ?,Пазар Разсрочени плащания,Пазар Разсрочени плащания,True,0.6005079357415953
каква е разликата между инвестиционен план и фонд,Пазар Спестяване и инвестиции,Пазар Спестяване и инвестиции,True,0.5709288342939685
"клиента трябва ли да предостави различни ксс в случай че ще излъчваме кредит за строителсто,довършителни работи и подобрение",Пазар Жилищни и ипотечни кредити,Пазар Жилищни и ипотечни кредити,True,0.6016145415890041
как да си добавя кредитите в дск директ,Пазар Ежедневно банкиране,Пазар Спестяване и инвестиции,False,0.3174173555622229
каква е таксата за извлечение по сметка на физическо лице,ДИРЕКЦИЯ БАНКОВИ ОПЕРАЦИИ,Пазар Ежедневно банкиране,False,0.6670463373886476
колко е таксата за теглене на каса,Пазар Ежедневно банкиране,ДИРЕКЦИЯ ПАЗАР АТМ И КАСОВА ДЕЙНОСТ,False,0.536424582373541
какво да направя когато клиента си е блокирал статичния пн за плащане между сметки,Пазар Ежедневно банкиране,Пазар Ежедневно банкиране,True,0.24852630898101305
"да, точно така",Други,Други,True,0.34852320181539637
може ли информация какво е дск родина,Пазар Спестяване и инвестиции,Пазар Спестяване и инвестиции,True,0.6799454514601999
оспорване на транзакция,ДИРЕКЦИЯ БАНКОВИ ОПЕРАЦИИ,Други,False,0.36197807241460417
"пак грешиш, предназачено е за български граждани над 18 години , които нямат активни продукти в банка дск",Други,Пазар Ежедневно банкиране,False,0.2548658884903423
кредитиране с болничен,ДИРЕКЦИЯ КРЕДИТЕН РИСК ИНДИВИДУАЛНИ КЛИЕНТИ,Други,False,0.2498215472810069
какво е съотношението дълг доход при ктп,Пазар Потребителско кредитиране,Пазар Потребителско кредитиране,True,0.5581698841356971
какви документи се изискват за откриване на сметка на граждани от ес,Пазар Ежедневно банкиране,Пазар Ежедневно банкиране,True,0.48612815920062846
черен списък,ДИРЕКЦИЯ КРЕДИТЕН РИСК ИНДИВИДУАЛНИ КЛИЕНТИ,Няколко пазара,False,0.3211517717155524
параметри на евро облигации 3,Пазар Спестяване и инвестиции,Други,False,0.40219707870867427
списък с външни партньори,Пазар Жилищни и ипотечни кредити,Няколко пазара,False,0.33234032567712046
финансиралисе покупка на упи общинска собственост,Пазар Жилищни и ипотечни кредити,Пазар Жилищни и ипотечни кредити,True,0.5167048909539504
как се открива набирателна сметка,Пазар Малък бизнес,Пазар Малък бизнес,True,0.5456263024840512
"в кое меню се заявява услугата ""пенсионни фондове и застрахователни продукти“?",ДИРЕКЦИЯ БАНКОВИ ОПЕРАЦИИ,Пазар Спестяване и инвестиции,False,0.5793618507513425
как да направя ипотека,Пазар Жилищни и ипотечни кредити,Пазар Жилищни и ипотечни кредити,True,0.2204036586205096
дневен лимит за преводи между собстени сметки в дск мобайл,Пазар Ежедневно банкиране,Пазар Ежедневно банкиране,True,0.7288237533606876
бланка удостоверение за доходи,Пазар Ежедневно банкиране,Няколко пазара,False,0.5814038125967416
как се анализират доходи на земесделски производител,Пазар Малък бизнес,ДИРЕКЦИЯ КРЕДИТЕН РИСК ИНДИВИДУАЛНИ КЛИЕНТИ,False,0.23585908759423413
не работи сайт на дск какво да посъветвам клиента?,Други,Пазар Ежедневно банкиране,False,0.26655580924125677
може ли клиент да си активира 3d парола през електронните канали,Пазар Ежедневно банкиране,Пазар Ежедневно банкиране,True,0.5653396079445019
може ли клиент да плаща на пос терминал с дегитилизирана карта чрез dsk mobile,Пазар Ежедневно банкиране,Пазар Ежедневно банкиране,True,0.7518199200967047
за кредити с променилива лихва колко е таксата ?,Няколко пазара,Пазар Жилищни и ипотечни кредити,False,0.44288385862980817
"има ли изключение за кредитиране, ако клиента залага хазарт",ДИРЕКЦИЯ КРЕДИТЕН РИСК ИНДИВИДУАЛНИ КЛИЕНТИ,Пазар Жилищни и ипотечни кредити,False,0.20278828057487736
архивира ли се опис на кредтино досие?,Други,Пазар Малък бизнес,False,0.2645924288863679
колко сметки може да има един клиент,Няколко пазара,Пазар Ежедневно банкиране,False,0.413133538747921
какви са ползите от план без ограничение?,Пазар Ежедневно банкиране,Пазар Ежедневно банкиране,True,0.7432619623917999
"към този момент мога да изискам единствено архитектурни проекти, тъй като се изчаква разрешението за строеж, за да могат да стартират. биха ли били достатъчни или да изчакаме да излезе и разрешението за строеж?",Пазар Жилищни и ипотечни кредити,Пазар Ежедневно банкиране,False,0.272756663689583
колко е таксата за предсрочно погасяване на потребителски кредит,Пазар Потребителско кредитиране,Пазар Потребителско кредитиране,True,0.7717097224945538
има ли изискаване с какъд доход трябва да е съдлъжник по кредит,Няколко пазара,Пазар Жилищни и ипотечни кредити,False,0.39404770608689127
"възможно ли е да финансираме по облекчената процедура клиент, чиито трудов договор е бил прекратен, но е подал искане за кредитна карта?",Пазар Разсрочени плащания,Пазар Разсрочени плащания,True,0.7250080103930762
каква е таксата за вноска от трето лице?,ДИРЕКЦИЯ БАНКОВИ ОПЕРАЦИИ,Пазар Ежедневно банкиране,False,0.3942894882435234
може ли клиент със запорирана сметка да кандидатства за потребителски кредит?,Пазар Потребителско кредитиране,Пазар Потребителско кредитиране,True,0.7615369625015294
до колко допълнителни карти може да има клиент физическо лице,Пазар Ежедневно банкиране,Пазар Ежедневно банкиране,True,0.5357962033875621
"може ли да се открие сметка на украински гражданин, нов клиент за банката с документ за временна закрила?",Пазар Ежедневно банкиране,Пазар Ежедневно банкиране,True,0.559073962491668
колко време пазим дебитните карти преди да ги деактивираме,Пазар Ежедневно банкиране,Пазар Ежедневно банкиране,True,0.2792075239133743
как да се логнем на нов телефон с дск мобайл,Пазар Ежедневно банкиране,Пазар Ежедневно банкиране,True,0.5550392134762271
връзка с преводи и разплащания,Други,Други,True,0.3814111358550524
при отрицателно салдо по сметка кога ще моце да бъде закрита,ДИРЕКЦИЯ БАНКОВИ ОПЕРАЦИИ,Пазар Ежедневно банкиране,False,0.4259531748877668
предимства на спокойствие,Пазар Банково застраховане,Пазар Банково застраховане,True,0.23943482859743567
в продължение на два или три месеца,Други,Пазар Жилищни и ипотечни кредити,False,0.21714466145952757
не изчерпателен отговор,Други,Други,True,0.7039790765167097
колко е таксата за вноска без заявка,ДИРЕКЦИЯ ПАЗАР АТМ И КАСОВА ДЕЙНОСТ,Пазар Ежедневно банкиране,False,0.38799523675119646
може ли да се разреши потребителски кредит на български гражданин с доход от чужбина,Пазар Потребителско кредитиране,Пазар Потребителско кредитиране,True,0.6183053598465793
може ли от сметка псоо да се иска преферциален курс,Пазар Ежедневно банкиране,Пазар Ежедневно банкиране,True,0.3545797198648824
колко години се гледат доходите за клиент самоосигуряващо се лице,Пазар Потребителско кредитиране,Пазар Ежедневно банкиране,False,0.3136354351670244
изключения при жик -как се процедира,Пазар Жилищни и ипотечни кредити,Пазар Жилищни и ипотечни кредити,True,0.5950604449218179
много благодаря.,Други,Други,True,0.7799973305291342
адрес на офис слатина,Други,Други,True,0.575816700857433
какви са обезпеченията по жик,Пазар Жилищни и ипотечни кредити,Пазар Жилищни и ипотечни кредити,True,0.6689387030903823
молба за усвояване на етап от кредит за довършителни работи,Пазар Жилищни и ипотечни кредити,Пазар Жилищни и ипотечни кредити,True,0.7820003344114759
какви преференции ползват клиентите при кандидатстване за жилищен и ипочен кредит през платформата dskhome.bg,Пазар Жилищни и ипотечни кредити,Пазар Жилищни и ипотечни кредити,True,0.5237463321292294
изпрлащане на следствен влог,ДИРЕКЦИЯ БАНКОВИ ОПЕРАЦИИ,Пазар Ежедневно банкиране,False,0.3451494420953911
имам оспорване за една сума която ми взета от сметката и никой не прави нищо по въпроса,Други,Други,True,0.3595429120734007
може ли да се издаде world debit mastercard без пакет премиум,Пазар Ежедневно банкиране,Пазар Ежедневно банкиране,True,0.7698145333577596
какви аргументи мога да дам на клиента при продажба на инвестиционен план,Пазар Спестяване и инвестиции,Пазар Спестяване и инвестиции,True,0.5137533653644425
има ли гратисен период на кредитна карта galaxi,Пазар Разсрочени плащания,Пазар Разсрочени плащания,True,0.7198447100973513
колко е такса за план премиум,Пазар Ежедневно банкиране,Пазар Ежедневно банкиране,True,0.7597617946670666
"за покупка на жилищен имот,кое може да се приеме за основно обезпечение?",Пазар Жилищни и ипотечни кредити,Пазар Жилищни и ипотечни кредити,True,0.7663547518206851
застраховка смисъл за теб,Пазар Банково застраховане,Пазар Банково застраховане,True,0.8444574385602405
коя кредитна карта е от пакет премиум,Пазар Ежедневно банкиране,Пазар Разсрочени плащания,False,0.6012464657264145
"основното покритие по полица любим дом стандарт включва ли риска ""земетресение""?",Пазар Банково застраховане,Пазар Банково застраховане,True,0.7182966521553236
докементи kyc падписват ли се и за родител или настойник,Пазар Ежедневно банкиране,Пазар Жилищни и ипотечни кредити,False,0.31485612281119146
еврова сметка може ли през дск мобайл,Пазар Ежедневно банкиране,Пазар Ежедневно банкиране,True,0.8519033814176943
как може да се активира вход с биометрия в дск мобайл,Пазар Ежедневно банкиране,Пазар Ежедневно банкиране,True,0.695613430210357
откриване на сметка с пълномощно - необходими документи,Пазар Ежедневно банкиране,Пазар Ежедневно банкиране,True,0.5589703223024832
какъв е стандартният лимит по кредитна kарта platinum,Пазар Разсрочени плащания,Пазар Разсрочени плащания,True,0.7357971826970435
регистриране на интерес за план за ежедневно банкиране в crm?,Support_Services,Пазар Ежедневно банкиране,False,0.6407436797306618
коя е главната книга по която трябва да се събера таксата за закриване на фирмена сметка преди да са изтегли 6 месеца,ДИРЕКЦИЯ ПАЗАР АТМ И КАСОВА ДЕЙНОСТ,ДИРЕКЦИЯ ПАЗАР АТМ И КАСОВА ДЕЙНОСТ,True,0.3574507505207338
прикачи файл за искане за наследствени дялове,ДИРЕКЦИЯ БАНКОВИ ОПЕРАЦИИ,Пазар Жилищни и ипотечни кредити,False,0.2066383919396287
какво е необходимо за техническо становище,Пазар Жилищни и ипотечни кредити,Други,False,0.22635055574909668
"здравей, на работа ли си",Други,Други,True,0.6162274808196463
клон на дск в пловдив тракия,Други,Пазар Ежедневно банкиране,False,0.2712096958831811
защо няма 10% отстъпка при застраховка имущество,Пазар Банково застраховане,Пазар Банково застраховане,True,0.4781451908597538
указание за изключване от забранителни списъци,ДИРЕКЦИЯ КРЕДИТЕН РИСК ИНДИВИДУАЛНИ КЛИЕНТИ,ДИРЕКЦИЯ КРЕДИТЕН РИСК ИНДИВИДУАЛНИ КЛИЕНТИ,True,0.2687389274777417
какви буфери се използват при изчисляване на минимален остатъчен доход при потребителски кредити,Пазар Потребителско кредитиране,Пазар Потребителско кредитиране,True,0.49948461722164894
дай ми тарифа за частно банкиране,Няколко пазара,ДИРЕКЦИЯ БАНКОВИ ОПЕРАЦИИ,False,0.4580518249410866
при какъв вид кредит може да бъде приет за обезпечение жилищен имот със степен на завършеност акт 14,Пазар Жилищни и ипотечни кредити,Пазар Жилищни и ипотечни кредити,True,0.7551723894163487
как се изчислява такса материален интерес при частично заличаване на обезпечение,Пазар Жилищни и ипотечни кредити,Пазар Жилищни и ипотечни кредити,True,0.3189943867983757
"нужен ли е swift, за да се провери входящ валутен превод?",ДИРЕКЦИЯ БАНКОВИ ОПЕРАЦИИ,ДИРЕКЦИЯ БАНКОВИ ОПЕРАЦИИ,True,0.43649272391436184
как се активира електронно банкиране на дск тийн,Пазар Ежедневно банкиране,Пазар Ежедневно банкиране,True,0.4990096482638956
къде да намеря молба за усвояване,Пазар Жилищни и ипотечни кредити,Други,False,0.2668448384279518
има ли такса за теглене на каса премиум план,Пазар Ежедневно банкиране,ДИРЕКЦИЯ ПАЗАР АТМ И КАСОВА ДЕЙНОСТ,False,0.5896570509342727
забравих да питам ти ли ще ходиш на сделката - къде да сложа запетая ?,Други,Други,True,0.5741808268802012
приемаме ли дан.декларация за доход от чужбина на самоосигуряващо се лице,Пазар Жилищни и ипотечни кредити,ДИРЕКЦИЯ КРЕДИТЕН РИСК ИНДИВИДУАЛНИ КЛИЕНТИ,False,0.47317124904179764
какво съдържа план за заплата,Пазар Ежедневно банкиране,Пазар Ежедневно банкиране,True,0.6934619937539878
каква е таксата за теглене на атм с карта galaxy,ДИРЕКЦИЯ ПАЗАР АТМ И КАСОВА ДЕЙНОСТ,ДИРЕКЦИЯ ПАЗАР АТМ И КАСОВА ДЕЙНОСТ,True,0.7209955105903573
"може ли ,клиентът да запази кредитната си карта galaxyпри сключване на план премиум?",Пазар Ежедневно банкиране,Пазар Разсрочени плащания,False,0.48216835009000414
има ли такса за вноска по депозит,Пазар Ежедневно банкиране,Пазар Ежедневно банкиране,True,0.4279892149728303
от дск макс в млан за младежи необходими действия от служителя,Пазар Ежедневно банкиране,Пазар Ежедневно банкиране,True,0.5040296521843174
сметка за основни операции,Пазар Ежедневно банкиране,Пазар Ежедневно банкиране,True,0.39509252279513696
може ли да се отпусне ипотечен кредит с акт 14,Пазар Жилищни и ипотечни кредити,Пазар Жилищни и ипотечни кредити,True,0.6396365131064282
архивира ли се полица застраховка спокойствие дебитна карта,Пазар Банково застраховане,Пазар Банково застраховане,True,0.7170699527501749
кои са допустимите правни форми при регистрация на бизнес клиенти през процеса по дигитален онбординг?,Пазар Малък бизнес,Пазар Малък бизнес,True,0.7845472522703423
"клиент продава имот, който е обезпечение в дск, необходимо му е удостоверение",Пазар Жилищни и ипотечни кредити,Пазар Жилищни и ипотечни кредити,True,0.2576306572019348
кой офис е най - близо до унсс,Други,Пазар Спестяване и инвестиции,False,0.4004734694930463
изисква ли се съдлъжник по потребителски кредит на клиент с продължително пребиваване,Пазар Потребителско кредитиране,Пазар Потребителско кредитиране,True,0.7368867665731265
колко е месечната таксата за пакет за младежи,Пазар Ежедневно банкиране,Пазар Ежедневно банкиране,True,0.665672138984351
"може ли да се сключи застраховка спокойствие към дебитна карта по сметка дск старт, когато картата е издадена на дете?",Пазар Ежедневно банкиране,Пазар Ежедневно банкиране,True,0.56297493557272
поръчителство по кредит,Пазар Потребителско кредитиране,Пазар Потребителско кредитиране,True,0.37540498948366374
валутен превод,ДИРЕКЦИЯ БАНКОВИ ОПЕРАЦИИ,ДИРЕКЦИЯ БАНКОВИ ОПЕРАЦИИ,True,0.7727836621755884
каква сума може да бъде отпусната на клиент с минимална работна зплата,Няколко пазара,ДИРЕКЦИЯ КРЕДИТЕН РИСК ИНДИВИДУАЛНИ КЛИЕНТИ,False,0.22654953713982812
каква е минималната сума за откриване на сметка тийн,Пазар Ежедневно банкиране,Пазар Ежедневно банкиране,True,0.7614092797595218
"дай ми пример за анализ на доход с декларирана данъчна основа за 2024 година в размер на 207040 лева за ипотечен кредит за покупка на жилищен имот за свободна професия, консултант регистриран по еик, осигурява се на минималния праг 933 лева?",Пазар Жилищни и ипотечни кредити,Пазар Жилищни и ипотечни кредити,True,0.7819238618619153
какви документи трябва да събера от клиента за откриването на сметка дск тийн?,Пазар Ежедневно банкиране,Пазар Ежедневно банкиране,True,0.7538264693846526
